Model,Accuracy,Precision,Recall,F1 score
Logistic Regression,0.8162625762823684,0.8789041095890411,0.6423708450140169,0.7422489588153632
